<?xml version="1.0" encoding="UTF-8" ?>
<beans xmlns="http://www.springframework.org/schema/beans"
       xmlns:xsi="http://www.w3.org/2001/XMLSchema-instance"
       xmlns:p="http://www.springframework.org/schema/p"
       xmlns:tx="http://www.springframework.org/schema/tx"
       xmlns:aop="http://www.springframework.org/schema/aop"
       xmlns:context="http://www.springframework.org/schema/context"
       xmlns:jee="http://www.springframework.org/schema/jee"
       xsi:schemaLocation="http://www.springframework.org/schema/beans http://www.springframework.org/schema/beans/spring-beans-2.5.xsd
    http://www.springframework.org/schema/tx http://www.springframework.org/schema/tx/spring-tx-2.5.xsd
    http://www.springframework.org/schema/aop http://www.springframework.org/schema/aop/spring-aop-2.5.xsd
    http://www.springframework.org/schema/context http://www.springframework.org/schema/context/spring-context-2.5.xsd
    http://www.springframework.org/schema/jee http://www.springframework.org/schema/jee/spring-jee-2.5.xsd">
    <context:component-scan base-package="user"/>
    <context:property-placeholder location="classpath:jdbc.properties"/>
    <!--　普通数据源　-->
	<bean id="dataSource"
		class="org.apache.commons.dbcp.BasicDataSource"
		destroy-method="close"
		p:driverClassName="${jdbc.driverClassName}"
		p:url="${jdbc.url}"
		p:username="${jdbc.username}"
		p:password="${jdbc.password}"/>

    <bean id="jdbcTemplate"
          class="org.springframework.jdbc.core.JdbcTemplate">
        <property name="dataSource" ref="dataSource"/>
    </bean>

    <bean id="simpleJdbcTemplate"
          class="org.springframework.jdbc.core.simple.SimpleJdbcTemplate">
        <constructor-arg ref="dataSource"/>
    </bean>

    <!-- Hibernate Session工厂 -->
    <bean id="sessionFactory"
          class="org.springframework.orm.hibernate4.annotation.AnnotationSessionFactoryBean"
          p:dataSource-ref="dataSource"
          p:packagesToScan="user">
        <property name="hibernateProperties">
            <props>
                <prop key="hibernate.dialect">org.hibernate.dialect.Oracle10gDialect</prop>
                <prop key="hibernate.show_sql">true</prop>
            </props>
        </property>
    </bean>

    <bean id="hiberManager"
          class="org.springframework.orm.hibernate4.HibernateTransactionManager"
          p:sessionFactory-ref="sessionFactory"/>

    <bean id="jdbcManager"
          class="org.springframework.jdbc.datasource.DataSourceTransactionManager"
          p:dataSource-ref="dataSource"/>

    <bean id="hibernateTemplate"
          class="org.springframework.orm.hibernate4.HibernateTemplate"
          p:sessionFactory-ref="sessionFactory"/>

</beans>