<?xml version="1.0" encoding="UTF-8" ?>
<beans xmlns="http://www.springframework.org/schema/beans"
	   xmlns:xsi="http://www.w3.org/2001/XMLSchema-instance"
	   xmlns:context="http://www.springframework.org/schema/context"
	   xmlns:p="http://www.springframework.org/schema/p" xmlns:aop="http://www.springframework.org/schema/aop"
	   xmlns:tx="http://www.springframework.org/schema/tx"
	   xsi:schemaLocation="http://www.springframework.org/schema/beans http://www.springframework.org/schema/beans/spring-beans-4.0.xsd
    http://www.springframework.org/schema/context http://www.springframework.org/schema/context/spring-context-4.0.xsd http://www.springframework.org/schema/aop http://www.springframework.org/schema/aop/spring-aop-4.0.xsd http://www.springframework.org/schema/tx http://www.springframework.org/schema/tx/spring-tx-4.0.xsd">


	<context:property-placeholder location="classpath:jdbc.properties"/>
	<bean id="dataSource"
		  class="org.apache.commons.dbcp.BasicDataSource"
		  destroy-method="close"
		  p:driverClassName="com.mysql.jdbc.Driver"
		  p:url="jdbc:mysql://localhost:3306/sampledb"
		  p:username="root"
		  p:password="123456"/>


<!-- 通过JobDetailBean实现 -->
	<bean name="jobDetail" class="org.springframework.scheduling.quartz.JobDetailBean"
		p:jobClass="com.smart.quartz.MyJob"
		p:applicationContextJobDataKey="applicationContext">
		<property name="jobDataAsMap">
			<map>
				<entry key="size" value="10" />
			</map>
		</property>
	</bean>


	<!-- 通过封装服务类方法实现 -->
	<bean id="jobDetail_1"
		class="org.springframework.scheduling.quartz.MethodInvokingJobDetailFactoryBean"
		p:targetObject-ref="myService" p:targetMethod="doJob" p:concurrent="false" />

	<bean id="myService" class="com.smart.service.MyService" />

	<!-- 通过封装Runnable类实现 -->
	<bean id="job" class="org.springframework.scheduling.quartz.DelegatingJob">
		<constructor-arg ref="otherJob" />
	</bean>
	<bean id="otherJob" class="com.smart.service.OtherJob" />
	<bean name="jobDetail_2" class="org.springframework.scheduling.quartz.JobDetailBean"
		p:jobClass="com.smart.quartz.MyJob"
		p:applicationContextJobDataKey="applicationContext">
		<property name="jobDataAsMap">
			<map>
				<entry key="size" value="10" />
			</map>
		</property>
	</bean>

	<bean id="simpleTrigger" class="org.springframework.scheduling.quartz.SimpleTriggerBean"
		p:jobDetail-ref="jobDetail" p:startDelay="1000" p:repeatInterval="2000"
		p:repeatCount="100">
		<property name="jobDataAsMap">
			<map>
				<entry key="count" value="10" />
			</map>
		</property>
	</bean>

	<bean id="checkImagesTrigger" 
	      class="org.springframework.scheduling.quartz.CronTriggerBean"
	      p:jobDetail-ref="jobDetail"
	      p:cronExpression="0/5 * * * * ?"/>


	<bean id="scheduler"
		class="org.springframework.scheduling.quartz.SchedulerFactoryBean">
		<property name="triggers">
			<list>
				<ref bean="simpleTrigger" />
			</list>
		</property>
		<property name="schedulerContextAsMap">
			<map>
				<entry key="timeout" value="30" />
			</map>
		</property>
		<property name="quartzProperties">
			<props>
				<prop key="org.quartz.threadPool.class">
					org.quartz.simpl.SimpleThreadPool
				</prop>
				<prop key="org.quartz.threadPool.threadCount">10</prop>
			</props>
		</property>
	</bean>
</beans>