<?xml version="1.0" encoding="UTF-8" ?>
<beans xmlns="http://www.springframework.org/schema/beans"
       xmlns:xsi="http://www.w3.org/2001/XMLSchema-instance"
       xmlns:p="http://www.springframework.org/schema/p" xmlns:cache="http://www.springframework.org/schema/cache"
       xmlns:context="http://www.springframework.org/schema/context"
       xsi:schemaLocation="http://www.springframework.org/schema/beans http://www.springframework.org/schema/beans/spring-beans-4.0.xsd
    http://www.springframework.org/schema/cache http://www.springframework.org/schema/cache/spring-cache.xsd http://www.springframework.org/schema/context http://www.springframework.org/schema/context/spring-context.xsd">
    <cache:annotation-driven/>
    <context:component-scan base-package="com.smart.*"/>
    <bean id="cacheManager"
          class="org.springframework.cache.support.SimpleCacheManager">
        <property name="caches">
            <set>
                <bean
                        class="org.springframework.cache.concurrent.ConcurrentMapCacheFactoryBean"
                        p:name="default"/>
                <bean
                        class="org.springframework.cache.concurrent.ConcurrentMapCacheFactoryBean"
                        p:name="users"/>
                <bean
                        class="org.springframework.cache.concurrent.ConcurrentMapCacheFactoryBean"
                        p:name="members"/>
                <bean
                        class="org.springframework.cache.concurrent.ConcurrentMapCacheFactoryBean"
                        p:name="visitors"/>

            </set>
        </property>
    </bean>
</beans>